Name,Composer,Musician,Producer,Record Company
relaxing lo fi chill SBA 300504815,Jimmy Gunnarsson,Sondé,Sondé,STIM
Funny Whimsical Music,Vladyslav Krotov,MoodMode,MoodMode,BMI
awkward conversations SBA 300515171,Jon Presstone,Jon Presstone,Jon Presstone,ASCAP
a hard days work SBA 347296678,Jon Presstone,Jon Presstone,Jon Presstone,ASCAP
joyful journey SBA 347673233,Vladyslav Krotov,MoodMode,moodmode,Bmi
diamond skies SBA 347186081,Anita Tatlow,Anita Tatlow,none,none
happy christmas SBA 346740976,CloudSystem,Leonid Malinin,CloudSystem,BMI IPI: 01182881630
happy light marimba strings SBA 300515818,MEDIA MUSIC GROUP,Media-Music Group,-,-
magical christmas night SBA 347352329,MoodMode,Vladyslav Krotov,moodmode,-
our love will fight SBA 346610334,Humans Win,Lance Conrad,LANCE CONRAD,BMI
happy acoustic story SBA 300481628,None,Danail  Draganov,None,None
bright happy fun SBA 300537745,Humans Win,Lance Conrad,LANCE CONRAD,BMI
curious documentary SBA 346869218,Jon Presstone,Jonathan Mogavero,PRESSTONEPUBLISHING,ASCAP
cooking gypsy style SBA 300538945,MEDIA MUSIC GROUP,Media-Music Group,,
hot roads blues full SBA 347481661,,Giuseppe Rizzo,,
cruz la SBA 346780621,Humans Win,Lance Conrad,LANCE CONRAD,BMI
spring children story SBA 347301204,MoodMode,Vladyslav Krotov,moodmode,
carousel SBA 300417190,Bad Angels,Angel Hernandez,,
walk with me SBA 300480642,Dariel,Dariel Almeida,,
fresh and funky SBA 346641818,Jon Presstone,Jonathan Mogavero,PRESSTONEPUBLISHING,ASCAP
mischievous days SBA 346988159,New Library Sounds,Facundo Alvarez,,BMI
quirky life SBA 346859224,MoodMode,Vladyslav Krotov,moodmode,
gather around the fire SBA 300540250,None,Sleeping Ghost,None,None
Joyful Ride,-,-,-,-
the road to success SBA 346813317,Humans Win,Lance Conrad,LANCE CONRAD,BMI
lets play SBA 347062912,MoodMode,Vladyslav Krotov,moodmode,
summer time SBA 347550642,MoodMode,Vladyslav Krotov,moodmode,-
morning sun SBA 300416768,William Van De Crommert,William Van De Crommert,-,-
feel good summer SBA 346910295,Jon Presstone,Jonathan Mogavero,PRESSTONEPUBLISHING,ASCAP
hopes and prayers piano SBA 348981359,-,Boris Skalsky,-,-
a look of hope SBA 346780116,-,Stanislav Barantsov,BMI,-
mwanga wa jua SBA 346741089,Humans Win,Lance Conrad,LANCE CONRAD,BMI
courage SBA 347006284,Ardie Son,Arend van der Knijff,Ardie,-
motivational cinematic bold and epic orchestral SBA 346534056,MEDIA MUSIC GROUP,Media-Music Group,-,-
cinematic dramatic piano and strings dark beauty SBA 300554792,MEDIA MUSIC GROUP,Media-Music Group,-,-
unchained SBA 300554949,Amber Waldron,Amber Waldron,Amber Waldron Music,BMI
indie rock commercial SBA 300540870,MEDIA MUSIC GROUP,Media-Music Group,-,-
magical and inspiring christmas story SBA 346722222,Psystein,Velimir Andreev,-,-
quirky dilemma SBA 347775699,MoodMode,Vladyslav Krotov,moodmode,-
Acoustic Bass Jazz Podcast Intro Commercial,MEDIA MUSIC GROUP,MEDIA MUSIC GROUP,-,-
cheerful cats dogs electro swing SBA 300504126,Volodymyr Piddubnyk,Volodymyr Piddubnyk,VOLODYMYR PIDDUBNYK MUSIC PUBLISHING,ASCAP
wonderland SBA 347368059,The Mountain,Natalia Kolesnikova,PRSformusic,PRSformusic
alarming SBA 300494801,None,Marshall Usinger,None,None
on we go SBA 346800039,Humans Win,Lance Conrad,LANCE CONRAD,BMI
gypsy style french background jazz SBA 300481095,Volodymyr Piddubnyk,Volodymyr Piddubnyk,VOLODYMYR PIDDUBNYK MUSIC PUBLISHING,ASCAP
Beautiful Acoustic Country Trailer,MoodMode,-,-,-
mystery inspection SBA 346988163,New Library Sounds,Facundo Alvarez,-,BMI
upbeat happy ukulele and claps SBA 346541987,MEDIA MUSIC GROUP,Media-Music Group,-,-
the call SBA 347269446,Efliz,Efstathia Tseliki,-,-
get the job done right family acoustic guitar happy and feeling good SBA 346424470,MEDIA MUSIC GROUP,Media-Music Group,-,-
acoustic bass jazz podcast intro commercial SBA 346471081,MEDIA MUSIC GROUP,Media-Music Group,-,-
9 to 5 instrumental mix SBA 300282056,-,-,-,-
giants were here SBA 346421297,Sounds Like Sander,Sounds Like Sander,Sounds Like Sander,-
pump up the stadium SBA 346795298,Jon Presstone,Jonathan Mogavero,PRESSTONEPUBLISHING,ASCAP
feel the hype SBA 300539317,Jon Presstone,Jonathan Mogavero,PRESSTONEPUBLISHING,ASCAP
chasing a criminal SBA 346701664,Jon Presstone,Jonathan Mogavero,PRESSTONEPUBLISHING,ASCAP
worlds apart SBA 300481567,Humans Win,Lance Conrad,LANCE CONRAD,BMI
action rock trailer SBA 346460759,-,Valentina Gribanova,-,-
river song SBA 347489837,bzur,Emanuele Dentoni,-,-
cooking show party electro swing SBA 300504118,Volodymyr Piddubnyk,Volodymyr Piddubnyk,VOLODYMYR PIDDUBNYK MUSIC PUBLISHING,ASCAP
driving dance pop party intro SBA 346693579,MoodMode,Vladyslav Krotov,moodmode,-
better life instrumental version SBA 346733209,Humans Win,Lance Conrad,LANCE CONRAD,BMI
breezy afternoon SBA 300555168,Humans Win,Lance Conrad,LANCE CONRAD,BMI
psalms SBA 347025381,Humans Win,Lance Conrad,LANCE CONRAD,BMI
corporate inspiration and success SBA 346435443,Humans Win,Lance Conrad,LANCE CONRAD,BMI
cheerful accordion oktoberfest polka SBA 300504137,Volodymyr Piddubnyk,Volodymyr Piddubnyk,VOLODYMYR PIDDUBNYK MUSIC PUBLISHING,ASCAP
incredulous questioning bumper SBA 300505205,Humans Win,Lance Conrad,LANCE CONRAD,BMI
sport electro SBA 300416798,-,Valentina Gribanova,-,-
party song with funky bass SBA 300540636,Sondé,Jimmy Gunnarsson,-,-
upbeat indie SBA 347673669,MoodMode,Vladyslav Krotov,moodmode,-
Comedy Positive Humorous Show   Funny Trip,Volodymyr Piddubnyk,Volodymyr Piddubnyk,TONO / ASCAP,ASCAP
just be happy SBA 347105263,Loops Lab,Boban Apostolov,Boban Apostolov,PRS for Music UK
lab medical drama pandemic piano hard trap hip hop beat SBA 300537836,Q Hef 777,Marlon Botelho,Marlon Fabian Botelho,BMI
swag bag SBA 346707052,-,-,-,-
feeling good SBA 346549579,,William Van De Crommert,MOTIOMUSE MUSIC,BMI
dark secrets SBA 347056214,Jon Presstone,Jonathan Mogavero,PRESSTONEPUBLISHING,ASCAP
black baugette SBA 346435342,Humans Win,Lance Conrad,LANCE CONRAD,BMI
sinister pouch SBA 347236033,MoodMode,Vladyslav Krotov,moodmode,-
halloween ghost SBA 348530955,Boomer,Oleksandra Krotova,-,-
lost in screams SBA 348757865,-,Jackchai Tilakoon,-,-
creepy sounds at midnight SBA 347073005,MEDIA MUSIC GROUP,Media-Music Group,-,-
spring comes early this year SBA 300416489,Sounds Like Sander,Sander Kalmeijer,-,-
rock shopping mall SBA 346756147,Loops Lab,Boban Apostolov,Boban Apostolov,PRS for Music UK
tropical horizon SBA 300418072,-,Simon Jomphe Lepine,-,-
summer tropical pop SBA 300539966,Gushito,Kamil Guszczynski,-,-
shocking news SBA 346407984,Jon Presstone,Jonathan Mogavero,PRESSTONEPUBLISHING,ASCAP
tensions of threat SBA 346814134,Jon Presstone,Jonathan Mogavero,PRESSTONEPUBLISHING,ASCAP
aggressive sport SBA 347297929,Boomer,Oleksandra Krotova,-,-
heavy industrial rock SBA 300555046,Jon Presstone,Jonathan Mogavero,PRESSTONEPUBLISHING,ASCAP
countryside local folk acoustic guitar SBA 346445477,MEDIA MUSIC GROUP,Media-Music Group,-,-
twilight piano SBA 300504956,Humans Win,Lance Conrad,LANCE CONRAD,BMI
modern fairytale cinematic dreamy strings piano SBA 346573544,MEDIA MUSIC GROUP,Media-Music Group,-,-
woodlands hideout SBA 346836577,Sounds Like Sander,Sander Kalmeijer,-,-
My Vintage Happy Boots,Humans Win,Humans Win,LANCE CONRAD,BMI
Appletree   Light Mix,Humans Win,Humans Win,LANCE CONRAD,BMI
Cooking Gypsy Style,MEDIA MUSIC GROUP,Media-Music Group,,
acoustic positivity SBA 300360217,-,-,-,-
sun for miles SBA 300539675,-,-,-,-
its time for business SBA 347063333,Jon Presstone,Jonathan Mogavero,PRESSTONEPUBLISHING,ASCAP
willpower SBA 349317579,Boomer,Oleksandra Krotova,,
not very sneaky SBA 346810122,Jon Presstone,Jonathan Mogavero,PRESSTONEPUBLISHING,ASCAP
out in the wilds SBA 346667295,Jon Presstone,Jonathan Mogavero,PRESSTONEPUBLISHING,ASCAP
cinematic dramatic documentary action suspense SBA 346400484,MEDIA MUSIC GROUP,Media-Music Group,,
cousing mischief SBA 300515238,New Library Sounds,Facundo Alvarez,,BMI
happy birds SBA 300515106,Humans Win,Lance Conrad,LANCE CONRAD,BMI
country pop rock background advertising commercial SBA 346458747,MEDIA MUSIC GROUP,Media-Music Group,,
reflections SBA 347686258,Yagull Music,Kana Kamitsubo-Markovic,,
summer air SBA 347638111,The Mountain,Natalia Kolesnikova,PRSformusic,PRSformusic
up to no good SBA 346521787,Jon Presstone,Jonathan Mogavero,PRESSTONEPUBLISHING,ASCAP
corporate family youtube background music SBA 346407674,MEDIA MUSIC GROUP,Media-Music Group,,
sneaking around SBA 349369303,MEDIA MUSIC GROUP,Media-Music Group,,
important moment SBA 347251470,MoodMode,Vladyslav Krotov,moodmode,
old school hip hop groove SBA 300505747,Loops Lab,Boban Apostolov,Boban Apostolov,PRS for Music UK
pick up the funk SBA 346984077,Jon Presstone,Jonathan Mogavero,PRESSTONEPUBLISHING,ASCAP
funk yeah SBA 346778069,Jon Presstone,Jonathan Mogavero,PRESSTONEPUBLISHING,ASCAP
heavenly inspiration SBA 348361950,The Mountain,Natalia Kolesnikova,PRSformusic,PRSformusic
funny whimsical music SBA 300515930,MoodMode,Vladyslav Krotov,moodmode,
family drama SBA 300481090,,Oleksii Abramovych,Oleksii Abramovych,ASCAP
regret serious sad piano music grieving and mystery SBA 346519068,Gerardo Garcia,Gerardo  Garcia,Gerardo Garcia Jr. Music,ASCAP #1080501893
down to the wire SBA 346758444,Jon Presstone,Jonathan Mogavero,PRESSTONEPUBLISHING,ASCAP
reminders sad piano and dreamy strings cinematic SBA 347789420,Gerardo Garcia,Gerardo  Garcia,Gerardo Garcia Jr. Music,ASCAP #1080501893
blue carnival harmonica SBA 349061490,Yagull Music,JacksonMatthew Kincheloe,"zozemusic, ASCAP",ASCAP
warm bliss SBA 348640484,Boomer,Oleksandra Krotova,,
string arpeggios SBA 300555330,,Boris Skalsky,,
much higher SBA 347072945,MoodMode,Vladyslav Krotov,moodmode,
southern country guitar picker SBA 348736538,Yagull Music,SashaBranislav Markovic,"zozemusic, ASCAP",ASCAP
quarantino west SBA 346511612,Dariel,Dariel Almeida,,
the last horse ride SBA 346425976,Atlantis Music & Sound,Arthur Navarro,Atlantis Music & Sound,Atlantis Music & Sound
innovation insight SBA 349080443,RetroTape,Oleksii Abramovych,,
funk that feelings SBA 347171254,MoodMode,Vladyslav Krotov,moodmode,
good gut feelings SBA 348370899,Amber Waldron,Amber Waldron,Amber Waldron Music,BMI
ambiance calm piano SBA 300494427,,Danail  Draganov,,
definitely not awkward SBA 347057691,Jon Presstone,Jonathan Mogavero,PRESSTONEPUBLISHING,ASCAP
indian hip hop SBA 300481089,,Oleksii Abramovych,Oleksii Abramovych,ASCAP
dying wish bumper SBA 300538553,Humans Win,Lance Conrad,LANCE CONRAD,BMI
our love will fight instrumental SBA 346610331,Humans Win,Lance Conrad,LANCE CONRAD,BMI
happy raga dance short version SBA 346424630,,Boris Skalsky,,
upbeat indie cool groovy bass drums SBA 346412902,MEDIA MUSIC GROUP,Media-Music Group,,
born to win SBA 347185542,MoodMode,Vladyslav Krotov,moodmode,
deep espionage SBA 348738897,,Ananta Kongka,,
heavy rock workshop SBA 300515790,Jon Presstone,Jonathan Mogavero,PRESSTONEPUBLISHING,ASCAP
africa world SBA 347017477,MoodMode,Vladyslav Krotov,moodmode,
blues band underscore background 30 sec SBA 300554294,MEDIA MUSIC GROUP,Media-Music Group,,
Comedy Background Detective Cartoon,Volodymyr Piddubnyk,Volodymyr Piddubnyk,VOLODYMYR PIDDUBNYK,ASCAP
pranky pets SBA 349151332,Volodymyr Piddubnyk,Volodymyr Piddubnyk,VOLODYMYR PIDDUBNYK MUSIC PUBLISHING,ASCAP
mountain dew SBA 347250908,,Rent Kid,,
adventures in fine dining SBA 300514572,Jon Presstone,Jonathan Mogavero,PRESSTONEPUBLISHING,ASCAP
vintage background jazz atmosphere SBA 300481060,Volodymyr Piddubnyk,Volodymyr Piddubnyk,VOLODYMYR PIDDUBNYK MUSIC PUBLISHING,ASCAP
spiritual spring SBA 347529018,MoodMode,Vladyslav Krotov,moodmode,
pool party SBA 346557605,OKO,Matt Oakley,Matt Oakley,
funkin huge 30 second version SBA 351823045,Humans Win,Lance Conrad,LANCE CONRAD,BMI
dance in jaipur happy indian upbeat SBA 300505375,,Boris Skalsky,,
somewhere in the mountains SBA 346509993,,Oleksii Abramovych,Oleksii Abramovych,ASCAP
mystery solved SBA 348979757,,Boris Skalsky,,
now or never SBA 347006117,,Sleeping Ghost,,
little lullaby SBA 300540080,,Boris Skalsky,,
quiz game show timer SBA 300481542,Volodymyr Piddubnyk,Volodymyr Piddubnyk,VOLODYMYR PIDDUBNYK MUSIC PUBLISHING,ASCAP
dramatic strings SBA 346820786,,Boris Skalsky,,
memoria sad piano and strings cinematic background SBA 347002286,Gerardo Garcia,Gerardo  Garcia,Gerardo Garcia Jr. Music,ASCAP #1080501893
romantic background love story SBA 300514920,MoodMode,Vladyslav Krotov,moodmode,
crystal frost SBA 346782747,Humans Win,Lance Conrad,LANCE CONRAD,BMI
fast tribal drums SBA 346480441,Psystein,Velimir Andreev,,
storytime music box SBA 300515410,Humans Win,Lance Conrad,LANCE CONRAD,BMI
serious funkin business SBA 346475726,Jon Presstone,Jonathan Mogavero,PRESSTONEPUBLISHING,ASCAP
Swing times SBA 300341980,-,-,-,-
